{
  "source": "Official university registries from European countries",
  "last_updated": "2025-01",
  "country": "EU",
  "total_count": 200,
  "universities": [
    {"name": "ETH Zurich", "location": "Zurich", "country": "CH", "type": "Public", "website": "https://ethz.ch"},
    {"name": "EPFL", "location": "Lausanne", "country": "CH", "type": "Public", "website": "https://www.epfl.ch"},
    {"name": "University of Zurich", "location": "Zurich", "country": "CH", "type": "Public", "website": "https://www.uzh.ch"},
    {"name": "University of Geneva", "location": "Geneva", "country": "CH", "type": "Public", "website": "https://www.unige.ch"},
    {"name": "University of Bern", "location": "Bern", "country": "CH", "type": "Public", "website": "https://www.unibe.ch"},
    {"name": "University of Basel", "location": "Basel", "country": "CH", "type": "Public", "website": "https://www.unibas.ch"},
    {"name": "University of Lausanne", "location": "Lausanne", "country": "CH", "type": "Public", "website": "https://www.unil.ch"},
    {"name": "University of St. Gallen", "location": "St. Gallen", "country": "CH", "type": "Public", "website": "https://www.unisg.ch"},
    {"name": "Technical University of Munich", "location": "Munich", "country": "DE", "type": "Public", "website": "https://www.tum.de"},
    {"name": "LMU Munich", "location": "Munich", "country": "DE", "type": "Public", "website": "https://www.lmu.de"},
    {"name": "Heidelberg University", "location": "Heidelberg", "country": "DE", "type": "Public", "website": "https://www.uni-heidelberg.de"},
    {"name": "RWTH Aachen University", "location": "Aachen", "country": "DE", "type": "Public", "website": "https://www.rwth-aachen.de"},
    {"name": "Technical University of Berlin", "location": "Berlin", "country": "DE", "type": "Public", "website": "https://www.tu.berlin"},
    {"name": "Humboldt University of Berlin", "location": "Berlin", "country": "DE", "type": "Public", "website": "https://www.hu-berlin.de"},
    {"name": "Free University of Berlin", "location": "Berlin", "country": "DE", "type": "Public", "website": "https://www.fu-berlin.de"},
    {"name": "University of Freiburg", "location": "Freiburg", "country": "DE", "type": "Public", "website": "https://uni-freiburg.de"},
    {"name": "University of Tübingen", "location": "Tübingen", "country": "DE", "type": "Public", "website": "https://uni-tuebingen.de"},
    {"name": "University of Göttingen", "location": "Göttingen", "country": "DE", "type": "Public", "website": "https://uni-goettingen.de"},
    {"name": "University of Bonn", "location": "Bonn", "country": "DE", "type": "Public", "website": "https://www.uni-bonn.de"},
    {"name": "University of Hamburg", "location": "Hamburg", "country": "DE", "type": "Public", "website": "https://www.uni-hamburg.de"},
    {"name": "University of Frankfurt", "location": "Frankfurt", "country": "DE", "type": "Public", "website": "https://www.uni-frankfurt.de"},
    {"name": "University of Cologne", "location": "Cologne", "country": "DE", "type": "Public", "website": "https://www.uni-koeln.de"},
    {"name": "University of Stuttgart", "location": "Stuttgart", "country": "DE", "type": "Public", "website": "https://www.uni-stuttgart.de"},
    {"name": "Technical University of Dresden", "location": "Dresden", "country": "DE", "type": "Public", "website": "https://tu-dresden.de"},
    {"name": "Technical University of Darmstadt", "location": "Darmstadt", "country": "DE", "type": "Public", "website": "https://www.tu-darmstadt.de"},
    {"name": "Karlsruhe Institute of Technology", "location": "Karlsruhe", "country": "DE", "type": "Public", "website": "https://www.kit.edu"},
    {"name": "University of Mannheim", "location": "Mannheim", "country": "DE", "type": "Public", "website": "https://www.uni-mannheim.de"},
    {"name": "University of Erlangen-Nuremberg", "location": "Erlangen", "country": "DE", "type": "Public", "website": "https://www.fau.eu"},
    {"name": "University of Münster", "location": "Münster", "country": "DE", "type": "Public", "website": "https://www.uni-muenster.de"},
    {"name": "University of Leipzig", "location": "Leipzig", "country": "DE", "type": "Public", "website": "https://www.uni-leipzig.de"},
    {"name": "University of Würzburg", "location": "Würzburg", "country": "DE", "type": "Public", "website": "https://www.uni-wuerzburg.de"},
    {"name": "University of Mainz", "location": "Mainz", "country": "DE", "type": "Public", "website": "https://www.uni-mainz.de"},
    {"name": "University of Konstanz", "location": "Konstanz", "country": "DE", "type": "Public", "website": "https://www.uni-konstanz.de"},
    {"name": "University of Ulm", "location": "Ulm", "country": "DE", "type": "Public", "website": "https://www.uni-ulm.de"},
    {"name": "University of Bayreuth", "location": "Bayreuth", "country": "DE", "type": "Public", "website": "https://www.uni-bayreuth.de"},
    {"name": "TU Braunschweig", "location": "Braunschweig", "country": "DE", "type": "Public", "website": "https://www.tu-braunschweig.de"},
    {"name": "University of Duisburg-Essen", "location": "Essen", "country": "DE", "type": "Public", "website": "https://www.uni-due.de"},
    {"name": "University of Bochum", "location": "Bochum", "country": "DE", "type": "Public", "website": "https://www.ruhr-uni-bochum.de"},
    {"name": "University of Düsseldorf", "location": "Düsseldorf", "country": "DE", "type": "Public", "website": "https://www.hhu.de"},
    {"name": "University of Bielefeld", "location": "Bielefeld", "country": "DE", "type": "Public", "website": "https://www.uni-bielefeld.de"},
    {"name": "Leibniz University Hannover", "location": "Hannover", "country": "DE", "type": "Public", "website": "https://www.uni-hannover.de"},
    {"name": "University of Bremen", "location": "Bremen", "country": "DE", "type": "Public", "website": "https://www.uni-bremen.de"},
    {"name": "University of Kiel", "location": "Kiel", "country": "DE", "type": "Public", "website": "https://www.uni-kiel.de"},
    {"name": "University of Amsterdam", "location": "Amsterdam", "country": "NL", "type": "Public", "website": "https://www.uva.nl"},
    {"name": "Delft University of Technology", "location": "Delft", "country": "NL", "type": "Public", "website": "https://www.tudelft.nl"},
    {"name": "Utrecht University", "location": "Utrecht", "country": "NL", "type": "Public", "website": "https://www.uu.nl"},
    {"name": "Leiden University", "location": "Leiden", "country": "NL", "type": "Public", "website": "https://www.universiteitleiden.nl"},
    {"name": "Erasmus University Rotterdam", "location": "Rotterdam", "country": "NL", "type": "Public", "website": "https://www.eur.nl"},
    {"name": "University of Groningen", "location": "Groningen", "country": "NL", "type": "Public", "website": "https://www.rug.nl"},
    {"name": "Wageningen University", "location": "Wageningen", "country": "NL", "type": "Public", "website": "https://www.wur.nl"},
    {"name": "Eindhoven University of Technology", "location": "Eindhoven", "country": "NL", "type": "Public", "website": "https://www.tue.nl"},
    {"name": "VU Amsterdam", "location": "Amsterdam", "country": "NL", "type": "Public", "website": "https://www.vu.nl"},
    {"name": "Radboud University", "location": "Nijmegen", "country": "NL", "type": "Public", "website": "https://www.ru.nl"},
    {"name": "Maastricht University", "location": "Maastricht", "country": "NL", "type": "Public", "website": "https://www.maastrichtuniversity.nl"},
    {"name": "University of Twente", "location": "Enschede", "country": "NL", "type": "Public", "website": "https://www.utwente.nl"},
    {"name": "Tilburg University", "location": "Tilburg", "country": "NL", "type": "Public", "website": "https://www.tilburguniversity.edu"},
    {"name": "Paris Sciences et Lettres", "location": "Paris", "country": "FR", "type": "Public", "website": "https://psl.eu"},
    {"name": "Sorbonne University", "location": "Paris", "country": "FR", "type": "Public", "website": "https://www.sorbonne-universite.fr"},
    {"name": "École Polytechnique", "location": "Palaiseau", "country": "FR", "type": "Public", "website": "https://www.polytechnique.edu"},
    {"name": "École Normale Supérieure", "location": "Paris", "country": "FR", "type": "Public", "website": "https://www.ens.psl.eu"},
    {"name": "HEC Paris", "location": "Paris", "country": "FR", "type": "Private", "website": "https://www.hec.edu"},
    {"name": "Sciences Po Paris", "location": "Paris", "country": "FR", "type": "Private", "website": "https://www.sciencespo.fr"},
    {"name": "INSEAD", "location": "Fontainebleau", "country": "FR", "type": "Private", "website": "https://www.insead.edu"},
    {"name": "CentraleSupélec", "location": "Gif-sur-Yvette", "country": "FR", "type": "Public", "website": "https://www.centralesupelec.fr"},
    {"name": "University of Paris-Saclay", "location": "Saclay", "country": "FR", "type": "Public", "website": "https://www.universite-paris-saclay.fr"},
    {"name": "Université Paris Cité", "location": "Paris", "country": "FR", "type": "Public", "website": "https://u-paris.fr"},
    {"name": "ESSEC Business School", "location": "Cergy", "country": "FR", "type": "Private", "website": "https://www.essec.edu"},
    {"name": "ESCP Business School", "location": "Paris", "country": "FR", "type": "Private", "website": "https://escp.eu"},
    {"name": "University of Lyon", "location": "Lyon", "country": "FR", "type": "Public", "website": "https://www.universite-lyon.fr"},
    {"name": "Grenoble Alpes University", "location": "Grenoble", "country": "FR", "type": "Public", "website": "https://www.univ-grenoble-alpes.fr"},
    {"name": "University of Strasbourg", "location": "Strasbourg", "country": "FR", "type": "Public", "website": "https://www.unistra.fr"},
    {"name": "University of Bordeaux", "location": "Bordeaux", "country": "FR", "type": "Public", "website": "https://www.u-bordeaux.fr"},
    {"name": "Aix-Marseille University", "location": "Marseille", "country": "FR", "type": "Public", "website": "https://www.univ-amu.fr"},
    {"name": "University of Montpellier", "location": "Montpellier", "country": "FR", "type": "Public", "website": "https://www.umontpellier.fr"},
    {"name": "University of Toulouse", "location": "Toulouse", "country": "FR", "type": "Public", "website": "https://www.univ-toulouse.fr"},
    {"name": "University of Nantes", "location": "Nantes", "country": "FR", "type": "Public", "website": "https://www.univ-nantes.fr"},
    {"name": "University of Lille", "location": "Lille", "country": "FR", "type": "Public", "website": "https://www.univ-lille.fr"},
    {"name": "École des Mines ParisTech", "location": "Paris", "country": "FR", "type": "Public", "website": "https://www.minesparis.psl.eu"},
    {"name": "École des Ponts ParisTech", "location": "Paris", "country": "FR", "type": "Public", "website": "https://www.ecoledesponts.fr"},
    {"name": "EDHEC Business School", "location": "Lille", "country": "FR", "type": "Private", "website": "https://www.edhec.edu"},
    {"name": "emlyon Business School", "location": "Lyon", "country": "FR", "type": "Private", "website": "https://www.em-lyon.com"},
    {"name": "Politecnico di Milano", "location": "Milan", "country": "IT", "type": "Public", "website": "https://www.polimi.it"},
    {"name": "University of Bologna", "location": "Bologna", "country": "IT", "type": "Public", "website": "https://www.unibo.it"},
    {"name": "Sapienza University of Rome", "location": "Rome", "country": "IT", "type": "Public", "website": "https://www.uniroma1.it"},
    {"name": "University of Padua", "location": "Padua", "country": "IT", "type": "Public", "website": "https://www.unipd.it"},
    {"name": "University of Milan", "location": "Milan", "country": "IT", "type": "Public", "website": "https://www.unimi.it"},
    {"name": "University of Turin", "location": "Turin", "country": "IT", "type": "Public", "website": "https://www.unito.it"},
    {"name": "University of Florence", "location": "Florence", "country": "IT", "type": "Public", "website": "https://www.unifi.it"},
    {"name": "Politecnico di Torino", "location": "Turin", "country": "IT", "type": "Public", "website": "https://www.polito.it"},
    {"name": "University of Naples Federico II", "location": "Naples", "country": "IT", "type": "Public", "website": "http://www.unina.it"},
    {"name": "Bocconi University", "location": "Milan", "country": "IT", "type": "Private", "website": "https://www.unibocconi.eu"},
    {"name": "University of Pisa", "location": "Pisa", "country": "IT", "type": "Public", "website": "https://www.unipi.it"},
    {"name": "Scuola Normale Superiore", "location": "Pisa", "country": "IT", "type": "Public", "website": "https://www.sns.it"},
    {"name": "LUISS Guido Carli", "location": "Rome", "country": "IT", "type": "Private", "website": "https://www.luiss.it"},
    {"name": "University of Genoa", "location": "Genoa", "country": "IT", "type": "Public", "website": "https://www.unige.it"},
    {"name": "University of Trento", "location": "Trento", "country": "IT", "type": "Public", "website": "https://www.unitn.it"},
    {"name": "Complutense University of Madrid", "location": "Madrid", "country": "ES", "type": "Public", "website": "https://www.ucm.es"},
    {"name": "University of Barcelona", "location": "Barcelona", "country": "ES", "type": "Public", "website": "https://www.ub.edu"},
    {"name": "Autonomous University of Barcelona", "location": "Barcelona", "country": "ES", "type": "Public", "website": "https://www.uab.cat"},
    {"name": "Autonomous University of Madrid", "location": "Madrid", "country": "ES", "type": "Public", "website": "https://www.uam.es"},
    {"name": "Pompeu Fabra University", "location": "Barcelona", "country": "ES", "type": "Public", "website": "https://www.upf.edu"},
    {"name": "Polytechnic University of Catalonia", "location": "Barcelona", "country": "ES", "type": "Public", "website": "https://www.upc.edu"},
    {"name": "Polytechnic University of Madrid", "location": "Madrid", "country": "ES", "type": "Public", "website": "https://www.upm.es"},
    {"name": "Carlos III University of Madrid", "location": "Madrid", "country": "ES", "type": "Public", "website": "https://www.uc3m.es"},
    {"name": "University of Valencia", "location": "Valencia", "country": "ES", "type": "Public", "website": "https://www.uv.es"},
    {"name": "University of Seville", "location": "Seville", "country": "ES", "type": "Public", "website": "https://www.us.es"},
    {"name": "University of Granada", "location": "Granada", "country": "ES", "type": "Public", "website": "https://www.ugr.es"},
    {"name": "IE University", "location": "Madrid", "country": "ES", "type": "Private", "website": "https://www.ie.edu"},
    {"name": "ESADE", "location": "Barcelona", "country": "ES", "type": "Private", "website": "https://www.esade.edu"},
    {"name": "IESE Business School", "location": "Barcelona", "country": "ES", "type": "Private", "website": "https://www.iese.edu"},
    {"name": "University of Navarra", "location": "Pamplona", "country": "ES", "type": "Private", "website": "https://www.unav.edu"},
    {"name": "University of Zaragoza", "location": "Zaragoza", "country": "ES", "type": "Public", "website": "https://www.unizar.es"},
    {"name": "KU Leuven", "location": "Leuven", "country": "BE", "type": "Public", "website": "https://www.kuleuven.be"},
    {"name": "Ghent University", "location": "Ghent", "country": "BE", "type": "Public", "website": "https://www.ugent.be"},
    {"name": "Université Catholique de Louvain", "location": "Louvain-la-Neuve", "country": "BE", "type": "Private", "website": "https://uclouvain.be"},
    {"name": "Université Libre de Bruxelles", "location": "Brussels", "country": "BE", "type": "Public", "website": "https://www.ulb.be"},
    {"name": "Vrije Universiteit Brussel", "location": "Brussels", "country": "BE", "type": "Public", "website": "https://www.vub.be"},
    {"name": "University of Antwerp", "location": "Antwerp", "country": "BE", "type": "Public", "website": "https://www.uantwerpen.be"},
    {"name": "University of Copenhagen", "location": "Copenhagen", "country": "DK", "type": "Public", "website": "https://www.ku.dk"},
    {"name": "Technical University of Denmark", "location": "Lyngby", "country": "DK", "type": "Public", "website": "https://www.dtu.dk"},
    {"name": "Aarhus University", "location": "Aarhus", "country": "DK", "type": "Public", "website": "https://www.au.dk"},
    {"name": "University of Southern Denmark", "location": "Odense", "country": "DK", "type": "Public", "website": "https://www.sdu.dk"},
    {"name": "Copenhagen Business School", "location": "Copenhagen", "country": "DK", "type": "Public", "website": "https://www.cbs.dk"},
    {"name": "Aalborg University", "location": "Aalborg", "country": "DK", "type": "Public", "website": "https://www.aau.dk"},
    {"name": "University of Oslo", "location": "Oslo", "country": "NO", "type": "Public", "website": "https://www.uio.no"},
    {"name": "NTNU", "location": "Trondheim", "country": "NO", "type": "Public", "website": "https://www.ntnu.no"},
    {"name": "University of Bergen", "location": "Bergen", "country": "NO", "type": "Public", "website": "https://www.uib.no"},
    {"name": "UiT The Arctic University of Norway", "location": "Tromsø", "country": "NO", "type": "Public", "website": "https://uit.no"},
    {"name": "Norwegian School of Economics", "location": "Bergen", "country": "NO", "type": "Public", "website": "https://www.nhh.no"},
    {"name": "KTH Royal Institute of Technology", "location": "Stockholm", "country": "SE", "type": "Public", "website": "https://www.kth.se"},
    {"name": "Stockholm University", "location": "Stockholm", "country": "SE", "type": "Public", "website": "https://www.su.se"},
    {"name": "Lund University", "location": "Lund", "country": "SE", "type": "Public", "website": "https://www.lu.se"},
    {"name": "Uppsala University", "location": "Uppsala", "country": "SE", "type": "Public", "website": "https://www.uu.se"},
    {"name": "Chalmers University of Technology", "location": "Gothenburg", "country": "SE", "type": "Public", "website": "https://www.chalmers.se"},
    {"name": "University of Gothenburg", "location": "Gothenburg", "country": "SE", "type": "Public", "website": "https://www.gu.se"},
    {"name": "Karolinska Institute", "location": "Stockholm", "country": "SE", "type": "Public", "website": "https://ki.se"},
    {"name": "Stockholm School of Economics", "location": "Stockholm", "country": "SE", "type": "Private", "website": "https://www.hhs.se"},
    {"name": "Linköping University", "location": "Linköping", "country": "SE", "type": "Public", "website": "https://liu.se"},
    {"name": "Umeå University", "location": "Umeå", "country": "SE", "type": "Public", "website": "https://www.umu.se"},
    {"name": "Aalto University", "location": "Espoo", "country": "FI", "type": "Public", "website": "https://www.aalto.fi"},
    {"name": "University of Helsinki", "location": "Helsinki", "country": "FI", "type": "Public", "website": "https://www.helsinki.fi"},
    {"name": "University of Turku", "location": "Turku", "country": "FI", "type": "Public", "website": "https://www.utu.fi"},
    {"name": "University of Oulu", "location": "Oulu", "country": "FI", "type": "Public", "website": "https://www.oulu.fi"},
    {"name": "Tampere University", "location": "Tampere", "country": "FI", "type": "Public", "website": "https://www.tuni.fi"},
    {"name": "Hanken School of Economics", "location": "Helsinki", "country": "FI", "type": "Public", "website": "https://www.hanken.fi"},
    {"name": "University of Vienna", "location": "Vienna", "country": "AT", "type": "Public", "website": "https://www.univie.ac.at"},
    {"name": "TU Wien", "location": "Vienna", "country": "AT", "type": "Public", "website": "https://www.tuwien.at"},
    {"name": "University of Innsbruck", "location": "Innsbruck", "country": "AT", "type": "Public", "website": "https://www.uibk.ac.at"},
    {"name": "University of Graz", "location": "Graz", "country": "AT", "type": "Public", "website": "https://www.uni-graz.at"},
    {"name": "TU Graz", "location": "Graz", "country": "AT", "type": "Public", "website": "https://www.tugraz.at"},
    {"name": "WU Vienna", "location": "Vienna", "country": "AT", "type": "Public", "website": "https://www.wu.ac.at"},
    {"name": "University of Salzburg", "location": "Salzburg", "country": "AT", "type": "Public", "website": "https://www.plus.ac.at"},
    {"name": "Johannes Kepler University", "location": "Linz", "country": "AT", "type": "Public", "website": "https://www.jku.at"},
    {"name": "Medical University of Vienna", "location": "Vienna", "country": "AT", "type": "Public", "website": "https://www.meduniwien.ac.at"},
    {"name": "University of Warsaw", "location": "Warsaw", "country": "PL", "type": "Public", "website": "https://www.uw.edu.pl"},
    {"name": "Jagiellonian University", "location": "Krakow", "country": "PL", "type": "Public", "website": "https://www.uj.edu.pl"},
    {"name": "Warsaw University of Technology", "location": "Warsaw", "country": "PL", "type": "Public", "website": "https://www.pw.edu.pl"},
    {"name": "AGH University of Science and Technology", "location": "Krakow", "country": "PL", "type": "Public", "website": "https://www.agh.edu.pl"},
    {"name": "Adam Mickiewicz University", "location": "Poznan", "country": "PL", "type": "Public", "website": "https://amu.edu.pl"},
    {"name": "University of Wrocław", "location": "Wrocław", "country": "PL", "type": "Public", "website": "https://www.uni.wroc.pl"},
    {"name": "Wrocław University of Technology", "location": "Wrocław", "country": "PL", "type": "Public", "website": "https://pwr.edu.pl"},
    {"name": "University of Gdańsk", "location": "Gdańsk", "country": "PL", "type": "Public", "website": "https://ug.edu.pl"},
    {"name": "Gdańsk University of Technology", "location": "Gdańsk", "country": "PL", "type": "Public", "website": "https://pg.edu.pl"},
    {"name": "Lodz University of Technology", "location": "Łódź", "country": "PL", "type": "Public", "website": "https://p.lodz.pl"},
    {"name": "Charles University", "location": "Prague", "country": "CZ", "type": "Public", "website": "https://cuni.cz"},
    {"name": "Czech Technical University", "location": "Prague", "country": "CZ", "type": "Public", "website": "https://www.cvut.cz"},
    {"name": "Masaryk University", "location": "Brno", "country": "CZ", "type": "Public", "website": "https://www.muni.cz"},
    {"name": "Brno University of Technology", "location": "Brno", "country": "CZ", "type": "Public", "website": "https://www.vutbr.cz"},
    {"name": "Palacký University", "location": "Olomouc", "country": "CZ", "type": "Public", "website": "https://www.upol.cz"},
    {"name": "University of Chemistry and Technology Prague", "location": "Prague", "country": "CZ", "type": "Public", "website": "https://www.vscht.cz"},
    {"name": "Trinity College Dublin", "location": "Dublin", "country": "IE", "type": "Public", "website": "https://www.tcd.ie"},
    {"name": "University College Dublin", "location": "Dublin", "country": "IE", "type": "Public", "website": "https://www.ucd.ie"},
    {"name": "National University of Ireland Galway", "location": "Galway", "country": "IE", "type": "Public", "website": "https://www.nuigalway.ie"},
    {"name": "University College Cork", "location": "Cork", "country": "IE", "type": "Public", "website": "https://www.ucc.ie"},
    {"name": "Dublin City University", "location": "Dublin", "country": "IE", "type": "Public", "website": "https://www.dcu.ie"},
    {"name": "University of Limerick", "location": "Limerick", "country": "IE", "type": "Public", "website": "https://www.ul.ie"},
    {"name": "Maynooth University", "location": "Maynooth", "country": "IE", "type": "Public", "website": "https://www.maynoothuniversity.ie"},
    {"name": "Royal College of Surgeons in Ireland", "location": "Dublin", "country": "IE", "type": "Private", "website": "https://www.rcsi.com"},
    {"name": "University of Lisbon", "location": "Lisbon", "country": "PT", "type": "Public", "website": "https://www.ulisboa.pt"},
    {"name": "University of Porto", "location": "Porto", "country": "PT", "type": "Public", "website": "https://www.up.pt"},
    {"name": "Nova University Lisbon", "location": "Lisbon", "country": "PT", "type": "Public", "website": "https://www.unl.pt"},
    {"name": "University of Coimbra", "location": "Coimbra", "country": "PT", "type": "Public", "website": "https://www.uc.pt"},
    {"name": "ISCTE University Institute of Lisbon", "location": "Lisbon", "country": "PT", "type": "Public", "website": "https://www.iscte-iul.pt"},
    {"name": "Católica Lisbon", "location": "Lisbon", "country": "PT", "type": "Private", "website": "https://www.clsbe.lisboa.ucp.pt"}
  ]
}
